segment,pdbid,before,after,fragment
s1,1b30A,1-19,45-324,20-44
s2,1b30A,1-46,173-311,47-172
s3,1b30A,1-187,250-325,188-249
s4,1b30A,1-250,308-312,251-307
s1,1b31A,1-19,45-324,20-44
s2,1b31A,1-46,173-311,47-172
s3,1b31A,1-187,250-325,188-249
s4,1b31A,1-250,308-312,251-307
s1,1b3vA,1-19,45-324,20-44
s2,1b3vA,1-46,173-311,47-172
s3,1b3vA,1-187,250-325,188-249
s4,1b3vA,1-250,308-312,251-307
s1,1b3wA,1-19,45-324,20-44
s2,1b3wA,1-46,173-311,47-172
s3,1b3wA,1-187,250-325,188-249
s4,1b3wA,1-250,308-312,251-307
s1,1b3xA,1-19,45-324,20-44
s2,1b3xA,1-46,173-311,47-172
s3,1b3xA,1-187,250-325,188-249
s4,1b3xA,1-250,308-312,251-307
s1,1b3yA,1-19,45-324,20-44
s2,1b3yA,1-46,173-311,47-172
s3,1b3yA,1-187,250-325,188-249
s4,1b3yA,1-250,308-312,251-307
s1,1b3zA,1-19,45-324,20-44
s2,1b3zA,1-46,173-311,47-172
s3,1b3zA,1-187,250-325,188-249
s4,1b3zA,1-250,308-312,251-307
s1,1bg4A,1-19,45-324,20-44
s2,1bg4A,1-46,173-311,47-172
s3,1bg4A,1-187,250-325,188-249
s4,1bg4A,1-250,308-312,251-307
s1,1clxA,1-19,49-328,20-48
s2,1clxA,1-46,183-321,47-182
s3,1clxA,1-187,252-327,188-251
s4,1clxA,1-250,342-346,251-341
s1,1clxB,1-19,49-328,20-48
s2,1clxB,1-46,183-321,47-182
s3,1clxB,1-187,252-327,188-251
s4,1clxB,1-250,342-346,251-341
s1,1clxC,1-19,49-328,20-48
s2,1clxC,1-46,183-321,47-182
s3,1clxC,1-187,252-327,188-251
s4,1clxC,1-250,342-346,251-341
s1,1clxD,1-19,49-328,20-48
s2,1clxD,1-46,183-321,47-182
s3,1clxD,1-187,252-327,188-251
s4,1clxD,1-250,342-346,251-341
s1,1e0vA,1-19,44-323,20-43
s3,1e0vA,1-187,251-326,188-250
s4,1e0vA,1-250,308-312,251-307
s1,1e0wA,1-19,44-323,20-43
s3,1e0wA,1-187,251-326,188-250
s4,1e0wA,1-250,308-312,251-307
s1,1e0xA,1-19,44-323,20-43
s3,1e0xA,1-187,251-326,188-250
s4,1e0xA,1-250,308-312,251-307
s1,1e0xB,1-19,44-323,20-43
s3,1e0xB,1-187,251-326,188-250
s4,1e0xB,1-250,308-312,251-307
s1,1e5nA,1-19,49-328,20-48
s2,1e5nA,1-46,183-321,47-182
s3,1e5nA,1-187,252-327,188-251
s4,1e5nA,1-250,342-346,251-341
s1,1e5nB,1-19,49-328,20-48
s2,1e5nB,1-46,183-321,47-182
s3,1e5nB,1-187,252-327,188-251
s4,1e5nB,1-250,342-346,251-341
s1,1expA,1-19,44-323,20-43
s3,1expA,1-187,249-324,188-248
s4,1expA,1-250,323-327,251-322
s1,1fh7A,1-19,44-323,20-43
s3,1fh7A,1-187,249-324,188-248
s4,1fh7A,1-250,323-327,251-322
s1,1fh8A,1-19,44-323,20-43
s3,1fh8A,1-187,249-324,188-248
s4,1fh8A,1-250,323-327,251-322
s1,1fh9A,1-19,44-323,20-43
s3,1fh9A,1-187,249-324,188-248
s4,1fh9A,1-250,323-327,251-322
s1,1fhdA,1-19,44-323,20-43
s3,1fhdA,1-187,249-324,188-248
s4,1fhdA,1-250,323-327,251-322
s1,1gokA,1-19,44-323,20-43
s2,1gokA,1-46,173-311,47-172
s3,1gokA,1-187,250-325,188-249
s4,1gokA,1-250,308-312,251-307
s1,1gomA,1-19,44-323,20-43
s2,1gomA,1-46,173-311,47-172
s3,1gomA,1-187,250-325,188-249
s4,1gomA,1-250,308-312,251-307
s1,1gooA,1-19,44-323,20-43
s2,1gooA,1-46,173-311,47-172
s3,1gooA,1-187,250-325,188-249
s4,1gooA,1-250,308-312,251-307
s1,1goqA,1-19,44-323,20-43
s2,1goqA,1-46,173-311,47-172
s3,1goqA,1-187,250-325,188-249
s4,1goqA,1-250,308-312,251-307
s1,1gorA,1-19,44-323,20-43
s2,1gorA,1-46,173-311,47-172
s3,1gorA,1-187,250-325,188-249
s4,1gorA,1-250,308-312,251-307
s1,1hizA,1-19,44-323,20-43
s2,1hizA,1-46,190-328,47-189
s3,1hizA,1-187,249-324,188-248
s4,1hizA,1-250,358-362,251-357
s1,1i1wA,1-19,44-323,20-43
s2,1i1wA,1-46,173-311,47-172
s3,1i1wA,1-187,250-325,188-249
s4,1i1wA,1-250,308-312,251-307
s1,1i1xA,1-19,44-323,20-43
s2,1i1xA,1-46,173-311,47-172
s3,1i1xA,1-187,250-325,188-249
s4,1i1xA,1-250,308-312,251-307
s1,1isvA,1-19,44-323,20-43
s3,1isvA,1-187,251-326,188-250
s4,1isvA,1-250,308-312,251-307
s1,1isvB,1-19,44-323,20-43
s3,1isvB,1-187,251-326,188-250
s4,1isvB,1-250,308-312,251-307
s1,1iswA,1-19,44-323,20-43
s3,1iswA,1-187,251-326,188-250
s4,1iswA,1-250,308-312,251-307
s1,1iswB,1-19,44-323,20-43
s3,1iswB,1-187,251-326,188-250
s4,1iswB,1-250,308-312,251-307
s1,1isxA,1-19,44-323,20-43
s3,1isxA,1-187,251-326,188-250
s4,1isxA,1-250,308-312,251-307
s1,1isxB,1-19,44-323,20-43
s3,1isxB,1-187,251-326,188-250
s4,1isxB,1-250,308-312,251-307
s1,1isyA,1-19,44-323,20-43
s3,1isyA,1-187,251-326,188-250
s4,1isyA,1-250,308-312,251-307
s1,1isyB,1-19,44-323,20-43
s3,1isyB,1-187,251-326,188-250
s4,1isyB,1-250,308-312,251-307
s1,1iszA,1-19,44-323,20-43
s3,1iszA,1-187,251-326,188-250
s4,1iszA,1-250,308-312,251-307
s1,1iszB,1-19,44-323,20-43
s3,1iszB,1-187,251-326,188-250
s4,1iszB,1-250,308-312,251-307
s1,1it0A,1-19,44-323,20-43
s3,1it0A,1-187,251-326,188-250
s4,1it0A,1-250,308-312,251-307
s1,1it0B,1-19,44-323,20-43
s3,1it0B,1-187,251-326,188-250
s4,1it0B,1-250,308-312,251-307
s1,1j01A,1-19,44-323,20-43
s3,1j01A,1-187,249-324,188-248
s4,1j01A,1-250,323-327,251-322
s1,1k6aA,1-19,44-323,20-43
s2,1k6aA,1-46,173-311,47-172
s3,1k6aA,1-187,250-325,188-249
s4,1k6aA,1-250,308-312,251-307
s1,1n82A,1-19,42-321,20-41
s2,1n82A,1-46,180-318,47-179
s3,1n82A,1-187,249-324,188-248
s4,1n82A,1-250,335-339,251-334
s1,1n82B,1-19,42-321,20-41
s2,1n82B,1-46,180-318,47-179
s3,1n82B,1-187,249-324,188-248
s4,1n82B,1-250,335-339,251-334
s1,1nq6A,1-19,44-323,20-43
s3,1nq6A,1-187,250-325,188-249
s4,1nq6A,1-250,311-315,251-310
s1,1od8A,1-19,44-323,20-43
s3,1od8A,1-187,251-326,188-250
s4,1od8A,1-250,308-312,251-307
s1,1r85A,1-19,44-323,20-43
s2,1r85A,1-46,190-328,47-189
s3,1r85A,1-187,249-324,188-248
s4,1r85A,1-250,358-362,251-357
s1,1r86A,1-19,44-323,20-43
s2,1r86A,1-46,190-328,47-189
s3,1r86A,1-187,249-324,188-248
s4,1r86A,1-250,358-362,251-357
s1,1r87A,1-19,44-323,20-43
s2,1r87A,1-46,190-328,47-189
s3,1r87A,1-187,249-324,188-248
s4,1r87A,1-250,358-362,251-357
s1,1ta3B,1-19,44-323,20-43
s2,1ta3B,1-46,173-311,47-172
s3,1ta3B,1-187,252-327,188-251
s4,1ta3B,1-250,308-312,251-307
s1,1tuxA,1-19,44-323,20-43
s2,1tuxA,1-46,173-311,47-172
s3,1tuxA,1-187,250-325,188-249
s4,1tuxA,1-250,308-312,251-307
s1,1uqyA,1-19,46-325,20-45
s2,1uqyA,1-46,178-316,47-177
s3,1uqyA,1-187,249-324,188-248
s4,1uqyA,1-250,351-355,251-350
s1,1uqzA,1-19,46-325,20-45
s2,1uqzA,1-46,178-316,47-177
s3,1uqzA,1-187,249-324,188-248
s4,1uqzA,1-250,351-355,251-350
s1,1ur1A,1-19,46-325,20-45
s2,1ur1A,1-46,178-316,47-177
s3,1ur1A,1-187,249-324,188-248
s4,1ur1A,1-250,347-351,251-346
s1,1ur2A,1-19,46-325,20-45
s2,1ur2A,1-46,178-316,47-177
s3,1ur2A,1-187,249-324,188-248
s4,1ur2A,1-250,351-355,251-350
s1,1us2A,1-19,50-329,20-49
s2,1us2A,1-46,184-322,47-183
s1,1us3A,1-19,50-329,20-49
s2,1us3A,1-46,184-322,47-183
s1,1v0kA,1-19,44-323,20-43
s3,1v0kA,1-187,251-326,188-250
s4,1v0kA,1-250,308-312,251-307
s1,1v0lA,1-19,44-323,20-43
s3,1v0lA,1-187,251-326,188-250
s4,1v0lA,1-250,308-312,251-307
s1,1v0mA,1-19,44-323,20-43
s2,1v0mA,1-46,173-311,47-172
s3,1v0mA,1-187,251-326,188-250
s4,1v0mA,1-250,308-312,251-307
s1,1v0nA,1-19,44-323,20-43
s2,1v0nA,1-46,173-311,47-172
s3,1v0nA,1-187,251-326,188-250
s4,1v0nA,1-250,308-312,251-307
s1,1v6uA,1-19,44-323,20-43
s3,1v6uA,1-187,251-326,188-250
s4,1v6uA,1-250,308-312,251-307
s1,1v6uB,1-19,44-323,20-43
s3,1v6uB,1-187,251-326,188-250
s4,1v6uB,1-250,308-312,251-307
s1,1v6vA,1-19,44-323,20-43
s3,1v6vA,1-187,251-326,188-250
s4,1v6vA,1-250,308-312,251-307
s1,1v6vB,1-19,44-323,20-43
s3,1v6vB,1-187,251-326,188-250
s4,1v6vB,1-250,308-312,251-307
s1,1v6wA,1-19,44-323,20-43
s3,1v6wA,1-187,251-326,188-250
s4,1v6wA,1-250,308-312,251-307
s1,1v6wB,1-19,44-323,20-43
s3,1v6wB,1-187,251-326,188-250
s4,1v6wB,1-250,308-312,251-307
s1,1v6xA,1-19,44-323,20-43
s3,1v6xA,1-187,251-326,188-250
s4,1v6xA,1-250,308-312,251-307
s1,1v6xB,1-19,44-323,20-43
s3,1v6xB,1-187,251-326,188-250
s4,1v6xB,1-250,308-312,251-307
s1,1v6yA,1-19,44-323,20-43
s3,1v6yA,1-187,250-325,188-249
s4,1v6yA,1-250,323-327,251-322
s1,1vbrA,1-19,47-326,20-46
s2,1vbrA,1-46,174-312,47-173
s3,1vbrA,1-187,250-325,188-249
s4,1vbrA,1-250,324-328,251-323
s1,1vbrB,1-19,47-326,20-46
s2,1vbrB,1-46,174-312,47-173
s3,1vbrB,1-187,250-325,188-249
s4,1vbrB,1-250,324-328,251-323
s1,1vbuA,1-19,47-326,20-46
s2,1vbuA,1-46,174-312,47-173
s3,1vbuA,1-187,250-325,188-249
s4,1vbuA,1-250,324-328,251-323
s1,1vbuB,1-19,47-326,20-46
s2,1vbuB,1-46,174-312,47-173
s3,1vbuB,1-187,250-325,188-249
s4,1vbuB,1-250,324-328,251-323
s1,1w2pA,1-19,49-328,20-48
s2,1w2pA,1-46,183-321,47-182
s3,1w2pA,1-187,252-327,188-251
s4,1w2pA,1-250,342-346,251-341
s1,1w2pB,1-19,49-328,20-48
s2,1w2pB,1-46,183-321,47-182
s3,1w2pB,1-187,252-327,188-251
s4,1w2pB,1-250,342-346,251-341
s1,1w2vA,1-19,49-328,20-48
s2,1w2vA,1-46,183-321,47-182
s3,1w2vA,1-187,252-327,188-251
s4,1w2vA,1-250,342-346,251-341
s1,1w2vB,1-19,49-328,20-48
s2,1w2vB,1-46,183-321,47-182
s3,1w2vB,1-187,252-327,188-251
s4,1w2vB,1-250,342-346,251-341
s1,1w32A,1-19,49-328,20-48
s2,1w32A,1-46,183-321,47-182
s3,1w32A,1-187,252-327,188-251
s4,1w32A,1-250,342-346,251-341
s1,1w32B,1-19,49-328,20-48
s2,1w32B,1-46,183-321,47-182
s3,1w32B,1-187,252-327,188-251
s4,1w32B,1-250,342-346,251-341
s1,1w3hA,1-19,49-328,20-48
s2,1w3hA,1-46,183-321,47-182
s3,1w3hA,1-187,252-327,188-251
s4,1w3hA,1-250,342-346,251-341
s1,1w3hB,1-19,49-328,20-48
s2,1w3hB,1-46,182-320,47-181
s3,1w3hB,1-187,252-327,188-251
s4,1w3hB,1-250,342-346,251-341
s1,1xyfA,1-19,44-323,20-43
s3,1xyfA,1-187,251-326,188-250
s4,1xyfA,1-250,308-312,251-307
s1,1xyfB,1-19,44-323,20-43
s3,1xyfB,1-187,251-326,188-250
s4,1xyfB,1-250,308-312,251-307
s1,1xyzA,1-19,46-325,20-45
s2,1xyzA,1-46,175-313,47-174
s3,1xyzA,1-187,252-327,188-251
s4,1xyzA,1-250,324-328,251-323
s1,1xyzB,1-19,46-325,20-45
s2,1xyzB,1-46,175-313,47-174
s3,1xyzB,1-187,252-327,188-251
s4,1xyzB,1-250,324-328,251-323
s1,2bnjA,1-19,44-323,20-43
s2,2bnjA,1-46,173-311,47-172
s3,2bnjA,1-187,250-325,188-249
s4,2bnjA,1-250,308-312,251-307
s1,2cncA,1-19,46-325,20-45
s2,2cncA,1-46,178-316,47-177
s3,2cncA,1-187,249-324,188-248
s4,2cncA,1-250,351-355,251-350
s1,2d1zA,1-19,44-323,20-43
s3,2d1zA,1-187,251-326,188-250
s4,2d1zA,1-250,308-312,251-307
s1,2d1zB,1-19,44-323,20-43
s3,2d1zB,1-187,251-326,188-250
s4,2d1zB,1-250,308-312,251-307
s1,2d20A,1-19,44-323,20-43
s3,2d20A,1-187,251-326,188-250
s4,2d20A,1-250,308-312,251-307
s1,2d20B,1-19,44-323,20-43
s3,2d20B,1-187,251-326,188-250
s4,2d20B,1-250,308-312,251-307
s1,2d22A,1-19,44-323,20-43
s3,2d22A,1-187,251-326,188-250
s4,2d22A,1-250,308-312,251-307
s1,2d22B,1-19,44-323,20-43
s3,2d22B,1-187,251-326,188-250
s4,2d22B,1-250,308-312,251-307
s1,2d23A,1-19,44-323,20-43
s3,2d23A,1-187,251-326,188-250
s4,2d23A,1-250,308-312,251-307
s1,2d23B,1-19,44-323,20-43
s3,2d23B,1-187,251-326,188-250
s4,2d23B,1-250,308-312,251-307
s1,2d24A,1-19,44-323,20-43
s3,2d24A,1-187,251-326,188-250
s4,2d24A,1-250,308-312,251-307
s1,2d24B,1-19,44-323,20-43
s3,2d24B,1-187,251-326,188-250
s4,2d24B,1-250,308-312,251-307
s1,2depA,1-19,43-322,20-42
s2,2depA,1-46,192-330,47-191
s3,2depA,1-187,249-324,188-248
s4,2depA,1-250,334-338,251-333
s1,2depB,1-19,43-322,20-42
s2,2depB,1-46,192-330,47-191
s3,2depB,1-187,249-324,188-248
s4,2depB,1-250,334-338,251-333
s1,2exoA,1-19,44-323,20-43
s3,2exoA,1-187,249-324,188-248
s4,2exoA,1-250,323-327,251-322
s1,2f8qA,1-19,43-322,20-42
s2,2f8qA,1-46,194-332,47-193
s3,2f8qA,1-187,249-324,188-248
s4,2f8qA,1-250,341-345,251-340
s1,2f8qB,1-19,43-322,20-42
s2,2f8qB,1-46,194-332,47-193
s3,2f8qB,1-187,249-324,188-248
s4,2f8qB,1-250,341-345,251-340
s1,2fglA,1-19,43-322,20-42
s2,2fglA,1-46,194-332,47-193
s3,2fglA,1-187,249-324,188-248
s4,2fglA,1-250,341-345,251-340
s1,2fglB,1-19,43-322,20-42
s2,2fglB,1-46,194-332,47-193
s3,2fglB,1-187,249-324,188-248
s4,2fglB,1-250,341-345,251-340
s1,2g3iA,1-19,44-323,20-43
s2,2g3iA,1-46,173-311,47-172
s3,2g3iA,1-187,251-326,188-250
s4,2g3iA,1-250,308-312,251-307
s1,2g3jA,1-19,44-323,20-43
s2,2g3jA,1-46,173-311,47-172
s3,2g3jA,1-187,251-326,188-250
s4,2g3jA,1-250,308-312,251-307
s1,2g4fA,1-19,44-323,20-43
s2,2g4fA,1-46,173-311,47-172
s3,2g4fA,1-187,251-326,188-250
s4,2g4fA,1-250,308-312,251-307
s1,2g4fB,1-19,44-323,20-43
s2,2g4fB,1-46,173-311,47-172
s3,2g4fB,1-187,251-326,188-250
s4,2g4fB,1-250,308-312,251-307
s1,2hisA,1-19,44-323,20-43
s3,2hisA,1-187,249-324,188-248
s4,2hisA,1-250,323-327,251-322
s1,2q8xA,1-19,42-321,20-41
s2,2q8xA,1-46,180-318,47-179
s3,2q8xA,1-187,249-324,188-248
s4,2q8xA,1-250,335-339,251-334
s1,2q8xB,1-19,42-321,20-41
s2,2q8xB,1-46,180-318,47-179
s3,2q8xB,1-187,249-324,188-248
s4,2q8xB,1-250,335-339,251-334
s1,2uwfA,1-19,43-322,20-42
s2,2uwfA,1-46,190-328,47-189
s3,2uwfA,1-187,249-324,188-248
s4,2uwfA,1-250,341-345,251-340
s1,2w5fA,1-19,44-323,20-43
s2,2w5fA,1-46,208-346,47-207
s3,2w5fA,1-187,251-326,188-250
s4,2w5fA,1-250,323-327,251-322
s1,2w5fB,1-19,44-323,20-43
s2,2w5fB,1-46,208-346,47-207
s3,2w5fB,1-187,251-326,188-250
s4,2w5fB,1-250,323-327,251-322
s1,2wysA,1-19,44-323,20-43
s2,2wysA,1-46,208-346,47-207
s3,2wysA,1-187,251-326,188-250
s4,2wysA,1-250,323-327,251-322
s1,2wysB,1-19,44-323,20-43
s2,2wysB,1-46,208-346,47-207
s3,2wysB,1-187,251-326,188-250
s4,2wysB,1-250,323-327,251-322
s1,2wzeA,1-19,44-323,20-43
s2,2wzeA,1-46,208-346,47-207
s3,2wzeA,1-187,251-326,188-250
s4,2wzeA,1-250,323-327,251-322
s1,2wzeB,1-19,44-323,20-43
s2,2wzeB,1-46,208-346,47-207
s3,2wzeB,1-187,251-326,188-250
s4,2wzeB,1-250,323-327,251-322
s1,2xylA,1-19,44-323,20-43
s3,2xylA,1-187,249-324,188-248
s4,2xylA,1-250,323-327,251-322
s1,3cufA,1-19,44-323,20-43
s3,3cufA,1-187,249-324,188-248
s4,3cufA,1-250,323-327,251-322
s1,3cugA,1-19,44-323,20-43
s3,3cugA,1-187,249-324,188-248
s4,3cugA,1-250,323-327,251-322
s1,3cuhA,1-19,44-323,20-43
s3,3cuhA,1-187,249-324,188-248
s4,3cuhA,1-250,323-327,251-322
s1,3cuiA,1-19,44-323,20-43
s3,3cuiA,1-187,249-324,188-248
s4,3cuiA,1-250,323-327,251-322
s1,3cujA,1-19,44-323,20-43
s3,3cujA,1-187,249-324,188-248
s4,3cujA,1-250,323-327,251-322
s1,3emcA,1-19,42-321,20-41
s2,3emcA,1-46,180-318,47-179
s3,3emcA,1-187,249-324,188-248
s4,3emcA,1-250,335-339,251-334
s1,3emqA,1-19,42-321,20-41
s2,3emqA,1-46,180-318,47-179
s3,3emqA,1-187,249-324,188-248
s4,3emqA,1-250,335-339,251-334
s1,3emzA,1-19,42-321,20-41
s2,3emzA,1-46,180-318,47-179
s3,3emzA,1-187,249-324,188-248
s4,3emzA,1-250,335-339,251-334
s1,3mmdA,1-19,44-323,20-43
s2,3mmdA,1-46,190-328,47-189
s3,3mmdA,1-187,249-324,188-248
s4,3mmdA,1-250,358-362,251-357
s1,3ms8A,1-19,42-321,20-41
s2,3ms8A,1-46,180-318,47-179
s3,3ms8A,1-187,249-324,188-248
s4,3ms8A,1-250,335-339,251-334
s1,3ms8B,1-19,42-321,20-41
s2,3ms8B,1-46,180-318,47-179
s3,3ms8B,1-187,249-324,188-248
s4,3ms8B,1-250,335-339,251-334
s1,3msdA,1-19,42-321,20-41
s2,3msdA,1-46,180-318,47-179
s3,3msdA,1-187,249-324,188-248
s4,3msdA,1-250,335-339,251-334
s1,3msdB,1-19,42-321,20-41
s2,3msdB,1-46,180-318,47-179
s3,3msdB,1-187,249-324,188-248
s4,3msdB,1-250,335-339,251-334
s1,3msgA,1-19,42-321,20-41
s2,3msgA,1-46,180-318,47-179
s3,3msgA,1-187,249-324,188-248
s4,3msgA,1-250,335-339,251-334
s1,3msgB,1-19,42-321,20-41
s2,3msgB,1-46,180-318,47-179
s3,3msgB,1-187,249-324,188-248
s4,3msgB,1-250,335-339,251-334
s1,3muaA,1-19,42-321,20-41
s2,3muaA,1-46,180-318,47-179
s3,3muaA,1-187,249-324,188-248
s4,3muaA,1-250,335-339,251-334
s1,3muaB,1-19,42-321,20-41
s2,3muaB,1-46,180-318,47-179
s3,3muaB,1-187,249-324,188-248
s4,3muaB,1-250,335-339,251-334
s1,3muiA,1-19,42-321,20-41
s2,3muiA,1-46,180-318,47-179
s3,3muiA,1-187,249-324,188-248
s4,3muiA,1-250,335-339,251-334
s1,3muiB,1-19,42-321,20-41
s2,3muiB,1-46,180-318,47-179
s3,3muiB,1-187,249-324,188-248
s4,3muiB,1-250,335-339,251-334
s1,3niyA,1-19,47-326,20-46
s2,3niyA,1-46,174-312,47-173
s3,3niyA,1-187,250-325,188-249
s4,3niyA,1-250,324-328,251-323
s1,3niyB,1-19,47-326,20-46
s2,3niyB,1-46,174-312,47-173
s3,3niyB,1-187,250-325,188-249
s4,3niyB,1-250,324-328,251-323
s1,3nj3A,1-19,47-326,20-46
s2,3nj3A,1-46,174-312,47-173
s3,3nj3A,1-187,250-325,188-249
s4,3nj3A,1-250,324-328,251-323
s1,3nj3B,1-19,47-326,20-46
s2,3nj3B,1-46,174-312,47-173
s3,3nj3B,1-187,250-325,188-249
s4,3nj3B,1-250,324-328,251-323
s1,3nydA,1-19,44-323,20-43
s2,3nydA,1-46,173-311,47-172
s3,3nydA,1-187,250-325,188-249
s4,3nydA,1-250,308-312,251-307
s1,3nydB,1-19,44-323,20-43
s2,3nydB,1-46,173-311,47-172
s3,3nydB,1-187,250-325,188-249
s4,3nydB,1-250,308-312,251-307
s1,3o2lA,1-19,44-323,20-43
s2,3o2lA,1-46,173-311,47-172
s3,3o2lA,1-187,250-325,188-249
s4,3o2lA,1-250,308-312,251-307
s1,3rdkA,1-19,43-322,20-42
s2,3rdkA,1-46,195-333,47-194
s3,3rdkA,1-187,255-330,188-254
s4,3rdkA,1-250,321-325,251-320
s1,3rdkB,1-19,43-322,20-42
s2,3rdkB,1-46,195-333,47-194
s3,3rdkB,1-187,255-330,188-254
s4,3rdkB,1-250,321-325,251-320
s1,3ro8A,1-19,43-322,20-42
s2,3ro8A,1-46,195-333,47-194
s3,3ro8A,1-187,255-330,188-254
s1,3ro8B,1-19,43-322,20-42
s2,3ro8B,1-46,195-333,47-194
s3,3ro8B,1-187,255-330,188-254
s1,3ro8C,1-19,43-322,20-42
s2,3ro8C,1-46,195-333,47-194
s3,3ro8C,1-187,255-330,188-254
s1,3ro8D,1-19,43-322,20-42
s2,3ro8D,1-46,195-333,47-194
s3,3ro8D,1-187,255-330,188-254
s1,3ro8E,1-19,43-322,20-42
s2,3ro8E,1-46,195-333,47-194
s3,3ro8E,1-187,255-330,188-254
s1,3ro8F,1-19,43-322,20-42
s2,3ro8F,1-46,195-333,47-194
s3,3ro8F,1-187,255-330,188-254
s1,3ro8G,1-19,43-322,20-42
s2,3ro8G,1-46,195-333,47-194
s3,3ro8G,1-187,255-330,188-254
s1,3ro8H,1-19,43-322,20-42
s2,3ro8H,1-46,195-333,47-194
s3,3ro8H,1-187,255-330,188-254
s1,3u7bA,1-19,44-323,20-43
s2,3u7bA,1-46,174-312,47-173
s3,3u7bA,1-187,258-333,188-257
s4,3u7bA,1-250,323-327,251-322
s1,3u7bB,1-19,44-323,20-43
s2,3u7bB,1-46,174-312,47-173
s3,3u7bB,1-187,258-333,188-257
s4,3u7bB,1-250,323-327,251-322
s1,3u7bC,1-19,44-323,20-43
s2,3u7bC,1-46,174-312,47-173
s3,3u7bC,1-187,258-333,188-257
s4,3u7bC,1-250,323-327,251-322
s1,3u7bD,1-19,44-323,20-43
s2,3u7bD,1-46,174-312,47-173
s3,3u7bD,1-187,258-333,188-257
s4,3u7bD,1-250,323-327,251-322
s1,3u7bE,1-19,44-323,20-43
s2,3u7bE,1-46,174-312,47-173
s3,3u7bE,1-187,258-333,188-257
s4,3u7bE,1-250,323-327,251-322
s1,3w24A,1-19,45-324,20-44
s2,3w24A,1-46,186-324,47-185
s3,3w24A,1-187,249-324,188-248
s4,3w24A,1-250,320-324,251-319
s1,3w24_template,1-19,45-324,20-44
s2,3w24_template,1-46,186-324,47-185
s3,3w24_template,1-187,249-324,188-248
s4,3w24_template,1-250,320-324,251-319
s1,3w25A,1-19,45-324,20-44
s2,3w25A,1-46,186-324,47-185
s3,3w25A,1-187,249-324,188-248
s4,3w25A,1-250,320-324,251-319
s1,3w26A,1-19,45-324,20-44
s2,3w26A,1-46,186-324,47-185
s3,3w26A,1-187,249-324,188-248
s4,3w26A,1-250,320-324,251-319
s1,3w27A,1-19,45-324,20-44
s2,3w27A,1-46,186-324,47-185
s3,3w27A,1-187,249-324,188-248
s4,3w27A,1-250,320-324,251-319
s1,3w28A,1-19,45-324,20-44
s2,3w28A,1-46,186-324,47-185
s3,3w28A,1-187,249-324,188-248
s4,3w28A,1-250,320-324,251-319
s1,3w29A,1-19,45-324,20-44
s2,3w29A,1-46,186-324,47-185
s3,3w29A,1-187,249-324,188-248
s4,3w29A,1-250,320-324,251-319
s1,3wubA,1-19,44-323,20-43
s2,3wubA,1-46,172-310,47-171
s3,3wubA,1-187,249-324,188-248
s4,3wubA,1-250,323-327,251-322
s1,3wueA,1-19,44-323,20-43
s2,3wueA,1-46,172-310,47-171
s3,3wueA,1-187,249-324,188-248
s4,3wueA,1-250,323-327,251-322
s1,3wufA,1-19,44-323,20-43
s2,3wufA,1-46,172-310,47-171
s3,3wufA,1-187,249-324,188-248
s4,3wufA,1-250,323-327,251-322
s1,3wugA,1-19,44-323,20-43
s2,3wugA,1-46,172-310,47-171
s3,3wugA,1-187,249-324,188-248
s4,3wugA,1-250,323-327,251-322
s1,4bs0A,1-19,44-323,20-43
s2,4bs0A,1-46,173-311,47-172
s3,4bs0A,1-187,250-325,188-249
s4,4bs0A,1-250,308-312,251-307
s1,4bs0B,1-19,44-323,20-43
s2,4bs0B,1-46,173-311,47-172
s3,4bs0B,1-187,250-325,188-249
s4,4bs0B,1-250,308-312,251-307
s1,4e4pA,1-19,43-322,20-42
s2,4e4pA,1-46,195-333,47-194
s3,4e4pA,1-187,255-330,188-254
s1,4e4pB,1-19,43-322,20-42
s2,4e4pB,1-46,195-333,47-194
s3,4e4pB,1-187,255-330,188-254
s1,4f8xA,1-19,47-326,20-46
s2,4f8xA,1-46,179-317,47-178
s3,4f8xA,1-187,251-326,188-250
s4,4f8xA,1-250,326-330,251-325
s1,4hu8A,1-19,45-324,20-44
s2,4hu8A,1-46,188-326,47-187
s3,4hu8A,1-187,257-332,188-256
s4,4hu8A,1-250,337-341,251-336
s1,4hu8B,1-19,45-324,20-44
s2,4hu8B,1-46,188-326,47-187
s3,4hu8B,1-187,257-332,188-256
s4,4hu8B,1-250,337-341,251-336
s1,4hu8C,1-19,45-324,20-44
s2,4hu8C,1-46,188-326,47-187
s3,4hu8C,1-187,257-332,188-256
s4,4hu8C,1-250,337-341,251-336
s1,4hu8D,1-19,45-324,20-44
s2,4hu8D,1-46,188-326,47-187
s3,4hu8D,1-187,257-332,188-256
s4,4hu8D,1-250,337-341,251-336
s1,4hu8E,1-19,45-324,20-44
s2,4hu8E,1-46,188-326,47-187
s3,4hu8E,1-187,257-332,188-256
s4,4hu8E,1-250,337-341,251-336
s1,4hu8F,1-19,45-324,20-44
s2,4hu8F,1-46,188-326,47-187
s3,4hu8F,1-187,257-332,188-256
s4,4hu8F,1-250,337-341,251-336
s1,4hu8G,1-19,45-324,20-44
s2,4hu8G,1-46,188-326,47-187
s3,4hu8G,1-187,257-332,188-256
s4,4hu8G,1-250,337-341,251-336
s1,4hu8H,1-19,45-324,20-44
s2,4hu8H,1-46,188-326,47-187
s3,4hu8H,1-187,257-332,188-256
s4,4hu8H,1-250,337-341,251-336
s1,4k68A,1-19,47-326,20-46
s2,4k68A,1-46,178-316,47-177
s3,4k68A,1-187,249-324,188-248
s4,4k68A,1-250,340-344,251-339
s1,4k68B,1-19,47-326,20-46
s2,4k68B,1-46,178-316,47-177
s3,4k68B,1-187,249-324,188-248
s4,4k68B,1-250,351-355,251-350
s1,4l4oA,1-19,43-322,20-42
s2,4l4oA,1-46,179-317,47-178
s3,4l4oA,1-187,250-325,188-249
s4,4l4oA,1-250,335-339,251-334
s1,4l4pA,1-19,43-322,20-42
s2,4l4pA,1-46,179-317,47-178
s3,4l4pA,1-187,250-325,188-249
s4,4l4pA,1-250,335-339,251-334
s1,4pmdA,1-19,43-322,20-42
s2,4pmdA,1-46,179-317,47-178
s3,4pmdA,1-187,250-325,188-249
s4,4pmdA,1-250,335-339,251-334
s1,4pmuA,1-19,46-325,20-45
s2,4pmuA,1-46,180-318,47-179
s3,4pmuA,1-187,249-324,188-248
s4,4pmuA,1-250,357-361,251-356
s1,4pmuB,1-19,46-325,20-45
s2,4pmuB,1-46,180-318,47-179
s3,4pmuB,1-187,249-324,188-248
s4,4pmuB,1-250,357-361,251-356
s1,4pmuC,1-19,46-325,20-45
s2,4pmuC,1-46,180-318,47-179
s3,4pmuC,1-187,249-324,188-248
s4,4pmuC,1-250,357-361,251-356
s1,4pmuD,1-19,46-325,20-45
s2,4pmuD,1-46,180-318,47-179
s3,4pmuD,1-187,249-324,188-248
s4,4pmuD,1-250,357-361,251-356
s1,4pmuE,1-19,46-325,20-45
s2,4pmuE,1-46,180-318,47-179
s3,4pmuE,1-187,249-324,188-248
s4,4pmuE,1-250,357-361,251-356
s1,4pmuF,1-19,46-325,20-45
s2,4pmuF,1-46,180-318,47-179
s3,4pmuF,1-187,249-324,188-248
s4,4pmuF,1-250,357-361,251-356
s1,4pmvA,1-19,46-325,20-45
s2,4pmvA,1-46,180-318,47-179
s3,4pmvA,1-187,249-324,188-248
s4,4pmvA,1-250,357-361,251-356
s1,4pmvB,1-19,46-325,20-45
s2,4pmvB,1-46,180-318,47-179
s3,4pmvB,1-187,249-324,188-248
s4,4pmvB,1-250,357-361,251-356
s1,4pmxA,1-19,38-317,20-37
s2,4pmxA,1-46,180-318,47-179
s3,4pmxA,1-187,251-326,188-250
s4,4pmxA,1-250,311-315,251-310
s1,4pmyA,1-19,38-317,20-37
s2,4pmyA,1-46,180-318,47-179
s3,4pmyA,1-187,251-326,188-250
s4,4pmyA,1-250,311-315,251-310
s1,4pmyB,1-19,38-317,20-37
s2,4pmyB,1-46,180-318,47-179
s3,4pmyB,1-187,251-326,188-250
s4,4pmyB,1-250,311-315,251-310
s1,4pmzA,1-19,38-317,20-37
s2,4pmzA,1-46,180-318,47-179
s3,4pmzA,1-187,251-326,188-250
s4,4pmzA,1-250,311-315,251-310
s1,4pmzB,1-19,38-317,20-37
s2,4pmzB,1-46,180-318,47-179
s3,4pmzB,1-187,251-326,188-250
s4,4pmzB,1-250,311-315,251-310
s1,4pn2A,1-19,38-317,20-37
s2,4pn2A,1-46,180-318,47-179
s3,4pn2A,1-187,251-326,188-250
s4,4pn2A,1-250,311-315,251-310
s1,4pn2B,1-19,38-317,20-37
s2,4pn2B,1-46,180-318,47-179
s3,4pn2B,1-187,251-326,188-250
s4,4pn2B,1-250,311-315,251-310
s1,4prwA,1-19,44-323,20-43
s2,4prwA,1-46,190-328,47-189
s3,4prwA,1-187,249-324,188-248
s4,4prwA,1-250,358-362,251-357
s1,4pudA,1-19,44-323,20-43
s2,4pudA,1-46,190-328,47-189
s3,4pudA,1-187,249-324,188-248
s4,4pudA,1-250,358-362,251-357
s1,4pueA,1-19,44-323,20-43
s2,4pueA,1-46,190-328,47-189
s3,4pueA,1-187,249-324,188-248
s4,4pueA,1-250,358-362,251-357
s1,4qceA,1-19,43-322,20-42
s2,4qceA,1-46,194-332,47-193
s3,4qceA,1-187,249-324,188-248
s4,4qceA,1-250,341-345,251-340
s1,4qceB,1-19,43-322,20-42
s2,4qceB,1-46,194-332,47-193
s3,4qceB,1-187,249-324,188-248
s4,4qceB,1-250,341-345,251-340
s1,4qcfA,1-19,43-322,20-42
s2,4qcfA,1-46,194-332,47-193
s3,4qcfA,1-187,249-324,188-248
s4,4qcfA,1-250,341-345,251-340
s1,4qdmA,1-19,43-322,20-42
s2,4qdmA,1-46,194-332,47-193
s3,4qdmA,1-187,249-324,188-248
s4,4qdmA,1-250,341-345,251-340
s1,4qdmB,1-19,43-322,20-42
s2,4qdmB,1-46,194-332,47-193
s3,4qdmB,1-187,249-324,188-248
s4,4qdmB,1-250,341-345,251-340
s1,4w8lA,1-19,45-324,20-44
s2,4w8lA,1-46,192-330,47-191
s3,4w8lA,1-187,250-325,188-249
s4,4w8lA,1-250,335-339,251-334
s1,4w8lB,1-19,45-324,20-44
s2,4w8lB,1-46,192-330,47-191
s3,4w8lB,1-187,250-325,188-249
s4,4w8lB,1-250,335-339,251-334
s1,4w8lC,1-19,45-324,20-44
s2,4w8lC,1-46,192-330,47-191
s3,4w8lC,1-187,250-325,188-249
s4,4w8lC,1-250,335-339,251-334
s1,4xuyA,1-19,45-324,20-44
s2,4xuyA,1-46,173-311,47-172
s3,4xuyA,1-187,250-325,188-249
s4,4xuyA,1-250,308-312,251-307
s1,4xuyB,1-19,45-324,20-44
s2,4xuyB,1-46,173-311,47-172
s3,4xuyB,1-187,250-325,188-249
s4,4xuyB,1-250,308-312,251-307
s1,4xv0A,1-19,44-323,20-43
s2,4xv0A,1-46,173-311,47-172
s3,4xv0A,1-187,250-325,188-249
s4,4xv0A,1-250,308-312,251-307
s1,4xx6A,1-19,48-327,20-47
s2,4xx6A,1-46,174-312,47-173
s3,4xx6A,1-187,248-323,188-247
s4,4xx6A,1-250,324-328,251-323
s1,4xx6B,1-19,48-327,20-47
s2,4xx6B,1-46,174-312,47-173
s3,4xx6B,1-187,248-323,188-247
s4,4xx6B,1-250,324-328,251-323
s1,5ay7A,1-19,44-323,20-43
s2,5ay7A,1-46,184-322,47-183
s3,5ay7A,1-187,249-324,188-248
s4,5ay7A,1-250,318-322,251-317
s1,5ay7B,1-19,44-323,20-43
s2,5ay7B,1-46,184-322,47-183
s3,5ay7B,1-187,249-324,188-248
s4,5ay7B,1-250,327-331,251-326
s1,5d4yA,1-19,44-323,20-43
s2,5d4yA,1-46,181-319,47-180
s3,5d4yA,1-187,249-324,188-248
s4,5d4yA,1-250,319-323,251-318
s1,5d4yB,1-19,44-323,20-43
s2,5d4yB,1-46,182-320,47-181
s3,5d4yB,1-187,249-324,188-248
s4,5d4yB,1-250,318-322,251-317
